<?xml version="1.0" encoding="UTF-8"?>
<hoopfile class="HoopStopWords" instance="stopwords.xml">
  <entries>
    <stopword name="a" selected="true" />
    <stopword name="an" selected="true" />
    <stopword name="and" selected="true" />
    <stopword name="are" selected="true" />
    <stopword name="as" selected="true" />
    <stopword name="at" selected="true" />
    <stopword name="for" selected="true" />
    <stopword name="i" selected="true" />
    <stopword name="if" selected="true" />
    <stopword name="in" selected="true" />
    <stopword name="is" selected="true" />
    <stopword name="it" selected="true" />
    <stopword name="of" selected="true" />
    <stopword name="on" selected="true" />
    <stopword name="so" selected="true" />
    <stopword name="that" selected="true" />
    <stopword name="the" selected="true" />
    <stopword name="to" selected="true" />
  </entries>
</hoopfile>

