<?xml version="1.0" encoding="UTF-8"?>
<hoopfile class="HoopGraphFile" instance="graph.xml">
  <graph scale="1.0">
    <hoops>
      <hoop id="ffb3b702-c5c6-41f0-abb9-b0b2965188cb" class="HoopStart" name="61" active="true">
        <visual x="20" y="20" width="150" height="100" />
        <properties />
      </hoop>
      <hoop id="26584e26-3c44-4f76-a675-1cf34d9869a5" class="HoopFileLoadBase" name="64" active="true">
        <visual x="160" y="200" width="150" height="100" />
        <properties>
          <serializable class="HoopStringSerializable" instance="batchSize">
            <value format="Text" type="STRING">100</value>
          </serializable>
          <serializable class="HoopStringSerializable" instance="queryMax">
            <value format="Text" type="STRING" />
          </serializable>
          <serializable class="HoopEnumSerializable" instance="mode">
            <value format="Text" type="ENUM" options="LINEAR,SAMPLE">LINEAR</value>
          </serializable>
          <serializable class="HoopURISerializable" instance="URI">
            <value format="Text" type="URI" fileExtension="txt" dirsOnly="true">&lt;PROJECTPATH&gt;\system\import</value>
          </serializable>
        </properties>
      </hoop>
      <hoop id="8f30a70a-05a0-4eb4-8834-a6ac73609836" class="HoopRoomAnnotator" name="74" active="true">
        <visual x="330" y="350" width="150" height="100" />
        <properties>
          <serializable class="HoopIntegerSerializable" instance="batchSize">
            <value format="Text" type="INT">0</value>
          </serializable>
        </properties>
      </hoop>
      <hoop id="4872b057-136d-4e43-bb80-6d76c2baefe4" class="HoopCSVWriter" name="77" active="true">
        <visual x="520" y="200" width="150" height="100" />
        <properties>
          <serializable class="HoopURISerializable" instance="URI">
            <value format="Text" type="URI" fileExtension="csv" dirsOnly="false">&lt;PROJECTPATH&gt;\roomannotations.csv</value>
          </serializable>
          <serializable class="HoopEnumSerializable" instance="writeMode">
            <value format="Text" type="ENUM" options="OVERWRITE,APPEND">APPEND</value>
          </serializable>
          <serializable class="HoopEnumSerializable" instance="mode">
            <value format="Text" type="ENUM" options="COMMA,TAB,DASH,PIPE">COMMA</value>
          </serializable>
          <serializable class="HoopBooleanSerializable" instance="includeHeader">
            <value format="Text" type="BOOLEAN">FALSE</value>
          </serializable>
        </properties>
      </hoop>
    </hoops>
    <connections>
      <connection name="Edge" from="ffb3b702-c5c6-41f0-abb9-b0b2965188cb" to="26584e26-3c44-4f76-a675-1cf34d9869a5" />
      <connection name="Edge" from="26584e26-3c44-4f76-a675-1cf34d9869a5" to="8f30a70a-05a0-4eb4-8834-a6ac73609836" />
      <connection name="Edge" from="8f30a70a-05a0-4eb4-8834-a6ac73609836" to="4872b057-136d-4e43-bb80-6d76c2baefe4" />
    </connections>
  </graph>
</hoopfile>

