<?xml version="1.0" encoding="UTF-8"?>
<hoopfile class="HoopGraphFile" instance="graph.xml">
  <graph scale="1.0">
    <hoops>
      <hoop id="ec353f90-0f48-46bf-ac8c-e6c7da00f02f" class="HoopStart" name="46" active="true">
        <visual x="20" y="20" width="150" height="100" />
        <properties />
      </hoop>
      <hoop id="a263f0a8-c1f2-4faa-8579-025bd0fd872c" class="HoopText2Sentence" name="47" active="true">
        <visual x="20" y="370" width="150" height="100" />
        <properties>
          <serializable class="HoopIntegerSerializable" instance="batchSize">
            <value format="Text" type="INT">0</value>
          </serializable>
          <serializable class="HoopBooleanSerializable" instance="reKey">
            <value format="Text" type="BOOLEAN">TRUE</value>
          </serializable>
          <serializable class="HoopEnumSerializable" instance="changeKeyType">
            <value format="Text" type="ENUM" options="keep the same,CLASS,INT,LONG,STRING,FLOAT,BOOLEAN,ENUM,TABLE,DOCUMENT">keep the same</value>
          </serializable>
          <serializable class="HoopStringSerializable" instance="splitRegEx">
            <value format="Text" type="STRING">[\r\n]+</value>
          </serializable>
          <serializable class="HoopStringSerializable" instance="skipFirstLines">
            <value format="Text" type="STRING">0</value>
          </serializable>
          <serializable class="HoopStringSerializable" instance="ignoreLastLines">
            <value format="Text" type="STRING">0</value>
          </serializable>
        </properties>
      </hoop>
      <hoop id="8bea9eb1-375f-448f-8297-41eccf861b67" class="HoopFileLoadBase" name="52" active="true">
        <visual x="20" y="210" width="150" height="100" />
        <properties>
          <serializable class="HoopStringSerializable" instance="batchSize">
            <value format="Text" type="STRING">0</value>
          </serializable>
          <serializable class="HoopStringSerializable" instance="queryMax">
            <value format="Text" type="STRING" />
          </serializable>
          <serializable class="HoopEnumSerializable" instance="mode">
            <value format="Text" type="ENUM" options="LINEAR,SAMPLE">LINEAR</value>
          </serializable>
          <serializable class="HoopURISerializable" instance="URI">
            <value format="Text" type="URI" fileExtension="txt" dirsOnly="false">&lt;PROJECTPATH&gt;\system\import\sample.in</value>
          </serializable>
        </properties>
      </hoop>
      <hoop id="aa85d336-4bf5-4a31-a6b3-cb7568445fd2" class="HoopSentence2Tokens" name="64" active="true">
        <visual x="260" y="370" width="150" height="100" />
        <properties>
          <serializable class="HoopIntegerSerializable" instance="batchSize">
            <value format="Text" type="INT">0</value>
          </serializable>
          <serializable class="HoopBooleanSerializable" instance="reKey">
            <value format="Text" type="BOOLEAN">FALSE</value>
          </serializable>
          <serializable class="HoopEnumSerializable" instance="changeKeyType">
            <value format="Text" type="ENUM" options="keep the same,CLASS,INT,LONG,STRING,FLOAT,BOOLEAN,ENUM,TABLE,DOCUMENT">keep the same</value>
          </serializable>
          <serializable class="HoopEnumSerializable" instance="targetTokenizer">
            <value format="Text" type="ENUM" options="RegEx,Stanford,SplitOnCharacter">RegEx</value>
          </serializable>
          <serializable class="HoopBooleanSerializable" instance="removePunctuation">
            <value format="Text" type="BOOLEAN">TRUE</value>
          </serializable>
          <serializable class="HoopStringSerializable" instance="splitRegEx">
            <value format="Text" type="STRING">\W</value>
          </serializable>
          <serializable class="HoopStringSerializable" instance="splitCharacter">
            <value format="Text" type="STRING">|</value>
          </serializable>
          <serializable class="HoopEnumSerializable" instance="generateMode">
            <value format="Text" type="ENUM" options="Add,New">Add</value>
          </serializable>
        </properties>
      </hoop>
    </hoops>
    <connections>
      <connection name="Edge" from="ec353f90-0f48-46bf-ac8c-e6c7da00f02f" to="8bea9eb1-375f-448f-8297-41eccf861b67" />
      <connection name="Edge" from="8bea9eb1-375f-448f-8297-41eccf861b67" to="a263f0a8-c1f2-4faa-8579-025bd0fd872c" />
      <connection name="Edge" from="a263f0a8-c1f2-4faa-8579-025bd0fd872c" to="aa85d336-4bf5-4a31-a6b3-cb7568445fd2" />
    </connections>
  </graph>
</hoopfile>

