<?xml version="1.0" encoding="UTF-8"?>
<hoopfile class="HoopGraphFile" instance="graph.xml">
  <graph scale="1.0">
    <hoops>
      <hoop id="0457824a-9f18-44a5-ba6c-3b488b556596" class="HoopStart" name="50" active="true">
        <visual x="20" y="20" width="150" height="100" />
        <properties />
      </hoop>
      <hoop id="3aa3e640-68b9-4f0b-b732-e7b78b8e4082" class="HoopKVTest" name="51" active="true">
        <visual x="130" y="210" width="150" height="100" />
        <properties>
          <serializable class="HoopIntegerSerializable" instance="dataSize">
            <value format="Text" type="INT">100</value>
          </serializable>
          <serializable class="HoopEnumSerializable" instance="KVType">
            <value format="Text" type="ENUM" options="CLASS,INT,LONG,STRING,FLOAT,BOOLEAN,ENUM,TABLE,DOCUMENT,DATE,COLOR,FONT,URI,URL">STRING</value>
          </serializable>
        </properties>
      </hoop>
      <hoop id="2f0fc85a-587d-48bd-8c00-70ce21b71ea3" class="HoopBatch" name="56" active="true">
        <visual x="350" y="70" width="150" height="100" />
        <properties>
          <serializable class="HoopIntegerSerializable" instance="batchSize">
            <value format="Text" type="INT">10</value>
          </serializable>
        </properties>
      </hoop>
    </hoops>
    <connections>
      <connection name="Edge" from="0457824a-9f18-44a5-ba6c-3b488b556596" to="3aa3e640-68b9-4f0b-b732-e7b78b8e4082" />
      <connection name="Edge" from="3aa3e640-68b9-4f0b-b732-e7b78b8e4082" to="2f0fc85a-587d-48bd-8c00-70ce21b71ea3" />
    </connections>
  </graph>
</hoopfile>

