<?xml version="1.0" encoding="UTF-8"?>
<hoopfile class="HoopGraphFile" instance="graph.xml">
  <graph scale="1.0">
    <hoops>
      <hoop id="086dfc38-6546-40b7-ba66-289318043751" class="HoopStart" name="47" active="true">
        <visual x="20" y="20" width="150" height="100" />
        <properties />
      </hoop>
      <hoop id="8d5ff28f-b354-4487-b339-d533bcc875d1" class="HoopFileLoadBase" name="48" active="true">
        <visual x="140" y="200" width="150" height="100" />
        <properties>
          <serializable class="HoopStringSerializable" instance="batchSize">
            <value format="Text" type="STRING">0</value>
          </serializable>
          <serializable class="HoopStringSerializable" instance="queryMax">
            <value format="Text" type="STRING" />
          </serializable>
          <serializable class="HoopEnumSerializable" instance="mode">
            <value format="Text" type="ENUM" options="LINEAR,SAMPLE">LINEAR</value>
          </serializable>
          <serializable class="HoopURISerializable" instance="URI">
            <value format="Text" type="URI" fileExtension="txt" dirsOnly="false">&lt;PROJECTPATH&gt;\system\import\sample.in</value>
          </serializable>
        </properties>
      </hoop>
      <hoop id="94fd3a6b-6f50-4951-811c-abc41cfe7051" class="HoopText2Sentence" name="57" active="true">
        <visual x="250" y="370" width="150" height="100" />
        <properties>
          <serializable class="HoopIntegerSerializable" instance="batchSize">
            <value format="Text" type="INT">0</value>
          </serializable>
          <serializable class="HoopBooleanSerializable" instance="reKey">
            <value format="Text" type="BOOLEAN">FALSE</value>
          </serializable>
          <serializable class="HoopEnumSerializable" instance="changeKeyType">
            <value format="Text" type="ENUM" options="keep the same,CLASS,INT,LONG,STRING,FLOAT,BOOLEAN,ENUM,TABLE,DOCUMENT">keep the same</value>
          </serializable>
          <serializable class="HoopStringSerializable" instance="splitRegEx">
            <value format="Text" type="STRING">[\r\n]+</value>
          </serializable>
          <serializable class="HoopStringSerializable" instance="skipFirstLines">
            <value format="Text" type="STRING">0</value>
          </serializable>
          <serializable class="HoopStringSerializable" instance="ignoreLastLines">
            <value format="Text" type="STRING">0</value>
          </serializable>
        </properties>
      </hoop>
      <hoop id="56e1e68a-6743-4623-a116-6486d5fc6459" class="HoopSentence2Tokens" name="62" active="true">
        <visual x="420" y="200" width="150" height="100" />
        <properties>
          <serializable class="HoopIntegerSerializable" instance="batchSize">
            <value format="Text" type="INT">0</value>
          </serializable>
          <serializable class="HoopBooleanSerializable" instance="reKey">
            <value format="Text" type="BOOLEAN">FALSE</value>
          </serializable>
          <serializable class="HoopEnumSerializable" instance="changeKeyType">
            <value format="Text" type="ENUM" options="keep the same,CLASS,INT,LONG,STRING,FLOAT,BOOLEAN,ENUM,TABLE,DOCUMENT">keep the same</value>
          </serializable>
          <serializable class="HoopEnumSerializable" instance="targetTokenizer">
            <value format="Text" type="ENUM" options="RegEx,Stanford,SplitOnCharacter">RegEx</value>
          </serializable>
          <serializable class="HoopBooleanSerializable" instance="removePunctuation">
            <value format="Text" type="BOOLEAN">TRUE</value>
          </serializable>
          <serializable class="HoopStringSerializable" instance="splitRegEx">
            <value format="Text" type="STRING">\W</value>
          </serializable>
          <serializable class="HoopStringSerializable" instance="splitCharacter">
            <value format="Text" type="STRING">|</value>
          </serializable>
          <serializable class="HoopEnumSerializable" instance="generateMode">
            <value format="Text" type="ENUM" options="Add,New">Add</value>
          </serializable>
        </properties>
      </hoop>
      <hoop id="4c3a1df6-dfa2-41e8-8caf-0bf07f1681c1" class="HoopFilterStopWords" name="89" active="true">
        <visual x="750" y="200" width="150" height="100" />
        <properties>
          <serializable class="HoopIntegerSerializable" instance="batchSize">
            <value format="Text" type="INT">0</value>
          </serializable>
          <serializable class="HoopBooleanSerializable" instance="reKey">
            <value format="Text" type="BOOLEAN">FALSE</value>
          </serializable>
          <serializable class="HoopEnumSerializable" instance="changeKeyType">
            <value format="Text" type="ENUM" options="keep the same,CLASS,INT,LONG,STRING,FLOAT,BOOLEAN,ENUM,TABLE,DOCUMENT">CLASS</value>
          </serializable>
          <serializable class="HoopURISerializable" instance="URI">
            <value format="Text" type="URI" fileExtension="txt" dirsOnly="false">&lt;PROJECTPATH&gt;/vocabulary.xml</value>
          </serializable>
        </properties>
      </hoop>
      <hoop id="abdcd0e7-c852-43ee-8bdb-495f024a2500" class="HoopCSVWriter" name="98" active="true">
        <visual x="920" y="420" width="150" height="100" />
        <properties>
          <serializable class="HoopURISerializable" instance="URI">
            <value format="Text" type="URI" fileExtension="csv" dirsOnly="false">&lt;PROJECTPATH&gt;\output-rekey.csv</value>
          </serializable>
          <serializable class="HoopEnumSerializable" instance="writeMode">
            <value format="Text" type="ENUM" options="OVERWRITE,APPEND">OVERWRITE</value>
          </serializable>
          <serializable class="HoopEnumSerializable" instance="mode">
            <value format="Text" type="ENUM" options="COMMA,TAB,DASH,PIPE">COMMA</value>
          </serializable>
          <serializable class="HoopBooleanSerializable" instance="includeHeader">
            <value format="Text" type="BOOLEAN">FALSE</value>
          </serializable>
        </properties>
      </hoop>
      <hoop id="43f855c1-c267-4e3f-9717-68427bc5604b" class="HoopReKey" name="130" active="true">
        <visual x="940" y="20" width="150" height="100" />
        <properties>
          <serializable class="HoopIntegerSerializable" instance="batchSize">
            <value format="Text" type="INT">0</value>
          </serializable>
          <serializable class="HoopEnumSerializable" instance="changeKeyType">
            <value format="Text" type="ENUM" options="keep the same,CLASS,INT,LONG,STRING,FLOAT,BOOLEAN,ENUM,TABLE,DOCUMENT">STRING</value>
          </serializable>
          <serializable class="HoopIntegerSerializable" instance="keyIndex">
            <value format="Text" type="INT">1</value>
          </serializable>
        </properties>
      </hoop>
      <hoop id="2897d775-3550-416e-bb8a-20aaeda1f66e" class="HoopMatcher" name="172" active="true">
        <visual x="1160" y="210" width="150" height="100" />
        <properties>
          <serializable class="HoopIntegerSerializable" instance="batchSize">
            <value format="Text" type="INT">0</value>
          </serializable>
          <serializable class="HoopURISerializable" instance="patternFile">
            <value format="Text" type="URI" fileExtension="txt" dirsOnly="false">&lt;PROJECTPATH&gt;\system\import\patterns-raw.txt</value>
          </serializable>
          <serializable class="HoopBooleanSerializable" instance="allowOverlap">
            <value format="Text" type="BOOLEAN">FALSE</value>
          </serializable>
        </properties>
      </hoop>
      <hoop id="7b93af5f-6faa-42ea-ad09-3a396510d381" class="HoopCSVWriter" name="220" active="true">
        <visual x="1190" y="420" width="150" height="100" />
        <properties>
          <serializable class="HoopURISerializable" instance="URI">
            <value format="Text" type="URI" fileExtension="csv" dirsOnly="false">&lt;PROJECTPATH&gt;\output.csv</value>
          </serializable>
          <serializable class="HoopEnumSerializable" instance="writeMode">
            <value format="Text" type="ENUM" options="OVERWRITE,APPEND">OVERWRITE</value>
          </serializable>
          <serializable class="HoopEnumSerializable" instance="mode">
            <value format="Text" type="ENUM" options="COMMA,TAB,DASH,PIPE">COMMA</value>
          </serializable>
          <serializable class="HoopBooleanSerializable" instance="includeHeader">
            <value format="Text" type="BOOLEAN">FALSE</value>
          </serializable>
        </properties>
      </hoop>
    </hoops>
    <connections>
      <connection name="Edge" from="086dfc38-6546-40b7-ba66-289318043751" to="8d5ff28f-b354-4487-b339-d533bcc875d1" />
      <connection name="Edge" from="8d5ff28f-b354-4487-b339-d533bcc875d1" to="94fd3a6b-6f50-4951-811c-abc41cfe7051" />
      <connection name="Edge" from="94fd3a6b-6f50-4951-811c-abc41cfe7051" to="56e1e68a-6743-4623-a116-6486d5fc6459" />
      <connection name="Edge" from="4c3a1df6-dfa2-41e8-8caf-0bf07f1681c1" to="43f855c1-c267-4e3f-9717-68427bc5604b" />
      <connection name="Edge" from="43f855c1-c267-4e3f-9717-68427bc5604b" to="abdcd0e7-c852-43ee-8bdb-495f024a2500" />
      <connection name="Edge" from="43f855c1-c267-4e3f-9717-68427bc5604b" to="2897d775-3550-416e-bb8a-20aaeda1f66e" />
      <connection name="Edge" from="2897d775-3550-416e-bb8a-20aaeda1f66e" to="7b93af5f-6faa-42ea-ad09-3a396510d381" />
      <connection name="Edge" from="56e1e68a-6743-4623-a116-6486d5fc6459" to="4c3a1df6-dfa2-41e8-8caf-0bf07f1681c1" />
    </connections>
  </graph>
</hoopfile>

