<?xml version="1.0" encoding="UTF-8"?><analysisEngineDescription xmlns="http://uima.apache.org/resourceSpecifier">
    <frameworkImplementation>org.apache.uima.java</frameworkImplementation>
    <primitive>true</primitive>
    <annotatorImplementationName>RoomNumberAnnotator</annotatorImplementationName>
    <analysisEngineMetaData>
        <name>RoomNumberAnnotator</name>
        <description>Descriptor automatically generated by uimaFIT</description>
        <version>unknown</version>
        <vendor></vendor>
        <configurationParameters/>
        <configurationParameterSettings/>
        <typeSystemDescription/>
        <fsIndexCollection/>
        <capabilities>
            <capability>
                <inputs/>
                <outputs>
                    <type>src.RoomNumber</type>
                    <feature>src.RoomNumber:building</feature>
                </outputs>
                <languagesSupported/>
            </capability>
        </capabilities>
        <operationalProperties>
            <modifiesCas>true</modifiesCas>
            <multipleDeploymentAllowed>true</multipleDeploymentAllowed>
            <outputsNewCASes>false</outputsNewCASes>
        </operationalProperties>
    </analysisEngineMetaData>
</analysisEngineDescription>
